LV1,LV2,LV3,LV4,LV5,LV6,LV7,LV8
-1.657,0.80699,3.9043,19.299,-4.0857,17.594,-6.147,0.01867
-14.153,3.3702,15.047,3.5397,-15.733,-3.6379,-4.1354,0.019084
-24.601,-3.0695,-3.0748,13.596,-3.9895,4.363,14.197,0.018681
2.542,10.058,-17.667,2.9364,-5.664,-0.98299,-1.7098,0.018785
-10.27,7.9994,7.4915,15.243,12.785,-5.7654,-2.9119,0.018425
0.4697,9.4139,0.11142,32.454,-12.253,-6.2847,2.9407,0.019853
-34.009,7.4042,-9.7968,21.227,-7.0647,-0.016203,-11.189,0.019153
-5.96,-23.364,-4.7969,17.205,-4.3963,-5.4136,-5.7721,0.020741