Lag0,Lag1,Lag2,Lag3
0,0.87343,-0.67708,15.149
0,0.58108,-3.5216,12.132
0,0.74444,-2.5033,15.982
0,-2.4506,-3.7616,18.458
0,1.0205,1.5905,18.209
0,-0.73415,3.5341,30.857
0,0.39616,0.15931,9.5719
0,-2.4411,-3.3382,8.7829