LV1,LV2,LV3,LV4,LV5,LV6,LV7,LV8
5.4432,2.7668,-9.2661,14.905,2.963,17.086,6.7607,2.6187
13.293,2.9009,0.99768,3.5767,-1.536,4.2324,9.01,3.9087
27.985,3.2,-0.54565,15.538,11.933,10.568,20.978,2.9064
2.4944,-2.3274,7.598,19.62,3.5073,3.45,9.4655,4.8724
10.39,-2.0929,-4.3779,7.9426,14.767,4.2143,3.3924,3.1054
5.364,-2.5434,-14.613,15.406,3.3403,-0.22326,13.467,5.3473
32.069,-1.6526,-2.7441,23.047,3.1748,8.3877,6.6925,4.0682
15.851,21.548,-7.2414,16.712,6.1796,3.15,7.0828,2.9066